legacy_id,new_id,tier,legacy_name,new_name
10000,322,exact,Sofa 270 Korean Roll,Sofa 270 Korean Roll
10001,373,exact,Side Sofa Roll,Side Sofa Roll
10003,404,exact,Sofa Roll from Korean,Sofa Roll from Korean
10004,128,exact,Hammock Roll,Hammock Roll
10005,372,exact,Sofa Roll,Sofa Roll
10006,492,exact,Belly Roll,Belly Roll
10007,146,exact,Chest Roll,Chest Roll
10011,324,exact,Korean Roll,Korean Roll
10012,405,exact,Back Korean Roll to Sofa,Back Korean Roll to Sofa
10014,497,exact,Expo Buddha Roll,Expo Buddha Roll
10015,144,exact,Fake 360 Korean Roll,Fake 360 Korean Roll
10016,374,exact,Panic Roll to Sofa,Panic Roll to Sofa
10017,148,exact,Backbounce to Chest Roll,Backbounce to Chest Roll
10018,335,exact,Backbounce Panic Roll,Backbounce Panic Roll
10019,414,exact,Backbounce Richy Roll,Backbounce Richy Roll
10020,129,exact,Double Hammock Roll,Double Hammock Roll
10021,336,exact,Back Roll Twist,Back Roll Twist
10022,375,exact,Sofa Roll 360,Sofa Roll 360
10023,125,exact,Hammock Roll from Feet,Hammock Roll from Feet
10024,495,exact,Korean 270 Spin to Back Belly Roll,Korean 270 Spin to Back Belly Roll
10025,135,exact,Back Roll Twist from Feet,Back Roll Twist from Feet
10026,328,exact,Back Korean Roll BS 180,Back Korean Roll BS 180
10027,143,exact,Nevermind BS 360 to Chest,Nevermind BS 360 to Chest
10028,154,exact,Double Double Drop Knee Roll,Double Double Drop Knee Roll
10029,368,exact,Inward Drop Knee Spin to Front Sofa Roll,Inward Drop Knee Spin to Front Sofa Roll
10032,140,exact,Sick Nasty to Chest,Sick Nasty to Chest
10035,141,exact,Sick Nasty to Chest Roll,Sick Nasty to Chest Roll
10036,474,exact,Nevermind,Catch to Feet
10037,365,exact,Half Back Roll,Back Roll to Shoulder
10038,136,exact,FS 360 to Chest,FS 360 to Chest
10039,394,exact,Antihero,Rocket Front-Flip to Sofa
10041,306,exact,NH Korean Roll from Feet,NH Korean Roll from Feet
10042,354,exact,Feet to Shoulder,Feet to Shoulder
10043,395,exact,Rocket Mount to Sofa,Rocket Mount to Sofa
10044,377,exact,Sick Nasty,Sick Nasty
10045,130,exact,Triple Hammock Roll,Triple Hammock Roll
10046,131,exact,Back Roll from Back to Back,Back Roll from Back to Back
10047,337,exact,Back Roll from Back,Back Roll from Back
10048,323,exact,Half Front Roll,Half Front Roll
10050,176,exact,Panic Roll to Feet,Panic Roll to Feet
10051,356,exact,Shoulder Roll,Shoulder Roll
10052,494,exact,Makako,Makako
10053,378,exact,FS 360 Butt Flatspin,FS 360 Butt Flatspin
10054,396,exact,Rocket Mount to Back Sofa Roll,Rocket Mount to Back Sofa Roll
10056,157,exact,Belly Roll to Feet,Belly Roll to Feet
10057,334,exact,Chest Roll to Front Roll,Chest Roll to Front Roll
10058,137,exact,FS 360 Roll Down to Chest,FS 360 Roll Down to Chest
10059,397,exact,Reverse Rocket Mount to Sofa,Reverse Rocket Mount to Sofa
10060,340,exact,Shrimpflip,Shrimpflip
10061,341,exact,Cordova Roll,Cordova Roll
10062,342,exact,Rocket 360 to Rocket,Rocket 360 to Rocket
10063,398,exact,Rocket Roll 180 to Sofa,Rocket Roll 180 to Sofa
10066,462,exact,Soup Roll to Feet,Soup Roll to Feet
10067,204,exact,Rocket Mount,Rocket Mount
10068,379,exact,Sick Nasty Roll,Sick Nasty Roll
10069,172,exact,Sofa 360 to Feet,Sofa 360 to Feet
10070,483,exact,Chest Roll to Feet,Chest Roll to Feet
10071,409,exact,Fake Sick Nasty Roll,Fake Sick Nasty Roll
10072,173,exact,Sick Nasty to Feet,Sick Nasty to Feet
10073,472,exact,Obi Wan,Obi Wan
10074,473,exact,Reverse Obi-Wan,Reverse Obi-Wan
10075,152,rule,Reverse Rocket Mount to Double Drop Knee,Reverse Rocket Mount to DDK
10076,293,exact,Double Drop Knee Roll to Feet,Double Drop Knee Roll to Feet
10077,338,exact,Hammock Back Roll,Hammock Back Roll
10078,366,exact,Half Back Roll to Shoulder Roll,Half Back Roll to Shoulder Roll
10079,487,exact,Back Roll to Feet,Back Roll to Feet
10080,307,exact,Front Roll from Feet,Front Roll from Feet
10081,147,exact,Chest Roll BS 360 Flatspin,Chest Roll BS 360 Flatspin
10082,381,exact,Half Nasty 180 Front Sofa Roll,Half Nasty 180 Front Sofa Roll
10083,399,exact,Rocket 180 Roll to Sofa Roll,Rocket 180 Roll to Sofa Roll
10084,309,exact,Orbital,Orbital
10085,298,exact,Backbounce Panic Roll to Feet,Backbounce Panic Roll to Feet
10086,308,exact,Back Roll from Feet,Back Roll from Feet
10087,362,exact,Rocket Mount to Shoulder,Rocket Mount to Shoulder
10088,344,exact,Rocket Backflip,Rocket Backflip
10089,382,exact,Side Roll over Neck,Side Roll over Neck
10090,484,exact,Back Chest Roll to Feet,Back Chest Roll to Feet
10092,488,exact,Hammock Roll to Feet,Hammock Roll to Feet
10093,168,exact,BS 270 Can of Soup,BS 270 Can of Soup
10094,411,exact,Exposure Orbital to Sofa,Exposure Orbital to Sofa
10095,412,exact,Antihero from Feet,Antihero from Feet
10096,310,exact,180 to Orbital,180 to Orbital
10097,205,exact,Rocket Mount 180,Rocket Mount 180
10098,384,exact,Sick Nasty Double Roll,Sick Nasty Double Roll
10099,385,exact,Sofa 360 Double Roll,Sofa 360 Double Roll
10100,478,exact,BS 180 Front Korean Roll to Feet,BS 180 Front Korean Roll to Feet
10101,158,exact,Back Belly Roll to Feet,Back Belly Roll to Feet
10102,255,exact,Flowflip to Feet,Flowflip to Feet
10103,299,exact,Backbounce Richy Roll to Feet,Backbounce Richy Roll to Feet
10104,199,exact,Shoulder Roll to Feet,Shoulder Roll to Feet
10105,355,exact,Panic Roll to Shoulder,Panic Roll to Shoulder
10106,127,exact,Double Hammock Roll from Feet,Double Hammock Roll from Feet
10107,177,exact,Double Sofa Roll to Feet,Double Sofa Roll to Feet
10109,386,exact,Sick Nasty 360,Sick Nasty 360
10110,387,exact,Tre Nasty Roll,Tre Nasty Roll
10111,296,exact,Chest Roll 180 Flatspin to Feet,Chest Roll 180 Flatspin to Feet
10112,351,exact,Shapeshifter,Shapeshifter
10113,400,exact,Rocket Mount Side Roll to Sofa,Rocket Mount Side Roll to Sofa
10114,422,exact,Korean Roll from Feet to Feet,Korean Roll from Feet to Feet
10115,163,exact,180 Orbital to Feet,180 Orbital to Feet
10116,142,exact,Sick Nasty 360 to Chest,Sick Nasty 360 to Chest
10117,178,exact,Freak Nasty to Feet,Freak Nasty to Feet
10118,423,exact,540 Spin,540 Spin
10119,259,exact,Yoda Roll,Yoda Roll
10120,260,exact,Back Yoda Roll,Back Yoda Roll
10121,206,exact,Reverse Rocket Mount,Reverse Rocket Mount
10122,420,exact,Barrel Roll,Barrel Roll
10123,421,exact,Back Barrel Roll,Back Barrel Roll
10124,261,exact,Almighty Flip,Almighty Flip
10125,426,exact,No Foot Almighty Flip,No Foot Almighty Flip
10126,311,exact,180 Back Roll from Feet,180 Back Roll from Feet
10127,179,exact,NH Panic Roll to Feet,NH Panic Roll to Feet
10128,207,exact,Shrimpflip 180 to Feet,Shrimpflip 180 to Feet
10129,312,exact,180 Front Roll from Feet,180 Front Roll from Feet
10130,427,exact,360 Orbital to Feet,360 Orbital to Feet
10132,208,exact,Antihero to Feet,Antihero to Feet
10133,164,exact,90 to Yoda Roll,Panic Roll Feet to Feet
10134,264,exact,Han Solo,Han Solo
10135,300,exact,Backbounce Panic Roll 180 to Feet,Backbounce Panic Roll 180 to Feet
10136,424,exact,Barrel Almighty Flip,Barrel Almighty Flip
10137,180,exact,Panic Double Roll to Feet,Panic Double Roll to Feet
10138,425,exact,Back Barrel Almighty Flip,Back Barrel Almighty Flip
10139,465,exact,Double Can of Soup,Double Can of Soup
10140,181,exact,Sofa Roll 360 to Feet,Sofa Roll 360 to Feet
10141,209,exact,FS 360 Rocket Mount,FS 360 Rocket Mount
10142,182,exact,Sofa 540 to Feet,Sofa 540 to Feet
10143,262,exact,Back Almighty Flip,Back Almighty Flip
10144,428,exact,Switch 270 Yoda Roll Fake 90,Switch 270 Yoda Roll Fake 90
10145,183,exact,Butter Roll to Feet,Butter Roll to Feet
10146,429,exact,Hammock Roll from Feet to Feet,Hammock Roll from Feet to Feet
10147,269,exact,Panic Roll 180 from Feet to Feet,Sofa Roll 360 from Feet to Feet
10148,430,exact,Back Roll from Feet to Feet,Back Roll from Feet to Feet
10149,210,exact,Rocket Front Belly Roll to Feet,Rocket Front Belly Roll to Feet
10150,270,exact,Double Back Yoda Roll,Double Back Yoda Roll
10151,185,exact,Sick Nasty Roll to Feet,Sick Nasty Roll to Feet
10152,211,exact,180 Darth Vader,180 Darth Vader
10153,271,exact,180 Almighty Flip,180 Almighty Flip
10154,431,exact,Double Barrel Roll,Double Barrel Roll
10155,432,exact,Frontroll from Feet to Feet,Frontroll from Feet to Feet
10156,272,exact,Double Yoda Roll,Double Yoda Roll
10157,433,exact,Fake 360 Almighty Flip,Fake 360 Almighty Flip
10158,434,exact,FS 360 Barrel Roll,FS 360 Barrel Roll
10159,235,exact,Makako to Feet,Makako to Feet
10160,257,exact,Despedido to Feet,Despedido to Feet
10161,212,confirmed,180 Super Sonic Mount,180 Supersonic
10162,435,exact,360 Almighty Flip,360 Almighty Flip
10163,213,exact,Reverse Super Sonic Mount,Reverse Super Sonic Mount
10164,275,exact,Triple Back Yoda Roll,Triple Back Yoda Roll
10165,436,exact,Barrel Almighty Flip to Barrel Roll,Barrel Almighty Flip to Barrel Roll
10166,276,exact,Darth Vader from Feet,Darth Vader from Feet
10167,277,exact,Double Back Almighty Flip,Double Back Almighty Flip
10168,278,exact,Double Front Almighty Flip,Double Front Almighty Flip
10169,463,exact,Back Can of Soup,Back Soup Roll to Feet
10170,145,exact,Back Korean Roll 360 to Chest,Back Korean Roll 360 to Chest
10171,265,exact,180 Front Yoda Roll,180 Front Yoda Roll
10172,273,exact,Shapeshifter to Feet,Shapeshifter to Feet
10173,165,exact,BS 270 Back Yoda Roll,BS 270 Back Yoda Roll
10174,346,exact,Shrimp Double Flip,Shrimp Double Flip
10175,139,exact,Barrel late Orbital 180,Barrel late Orbital 180
10176,169,exact,Back No Soup,Back No Soup
10177,331,exact,Full Flare from Korean,Full Flare from Korean
10178,184,exact,Almighty from Sofa,Back Almighty from Sofa
10179,156,exact,Belly to Feet,Belly to Feet
10180,410,confirmed,Sofa to Feet,Sofa Bounce
10181,305,confirmed,Korean to Feet,Korean Bounce
10182,486,exact,Back to Feet,Back to Feet
10184,498,confirmed,Sit to Feet,Sit Bounce
10193,200,exact,Double Shoulder Roll to Feet,Double Shoulder Roll to Feet
10194,248,exact,Leash to Feet,Leash to Feet
10195,247,exact,Reverse Whatever,Reverse Whatever
10196,263,exact,Sick Nasty from Feet to Feet,Sick Nasty from Feet to Feet
10197,266,exact,Front Yoda Rewind,Front Yoda Rewind
10198,267,exact,Back Yoda Rewind,Back Yoda Rewind
10199,174,exact,Sofa Roll to Feet,Sofa Roll to Feet
10200,175,exact,Back Sofa Roll to Feet,Back Sofa Roll to Feet
10201,159,exact,Yisus Mount,Yisus Mount
10202,370,exact,Orbital to Sofa,Orbital to Sofa
10203,345,exact,Shaolin,Shaolin
10204,343,exact,Rocket Nasty,Rocket Nasty
10205,151,exact,Rocket Mount to DDK,Rocket Mount to DDK
10206,138,exact,Orbital 180,Orbital 180
10207,468,exact,Tre Nasty to Feet,360 Sick Nasty to Feet
10208,214,exact,Kung Pao to Feet,Kung Pao to Feet
10209,325,exact,180 Chest Roll from Korean,180 Chest Roll from Korean
10210,364,exact,Fireflip to Shoulder,Fireflip to Shoulder
10212,485,exact,Back Roll from Chest to Feet,Back Roll from Chest to Feet
10213,407,exact,Reverse Panic Roll,Reverse Panic Roll
10214,254,exact,Reverse Panic Roll to Feet,Reverse Panic Roll to Feet
10215,329,exact,Reverse Flowflip,Reverse Flowflip
10216,477,exact,Reverse Flowflip to Feet,Reverse Flowflip to Feet
10217,413,exact,Sick Nasty Roll from Feet,Sick Nasty Roll from Feet
10218,268,exact,360 Expo Orbital to Feet,360 Expo Orbital to Feet
10219,479,exact,Korean 540 to Feet,Korean 540 to Feet
10220,186,exact,Half Nasty 180 Front Sofa Roll to Feet,Half Nasty 180 Front Sofa Roll to Feet
10221,418,exact,Korean Pop,Korean Pop
10222,376,exact,Sofa 360,Sofa 360
10223,234,exact,Nevermind 180,Nevermind 180
10224,326,exact,Korean 360,Korean 360
10225,321,exact,Sofa 270 to Korean,Sofa 270 to Korean
10226,252,exact,Richy Roll to Feet,Richy Roll to Feet
10227,253,exact,Back Richy Roll to Feet,Back Richy Roll to Feet
10228,419,exact,360 Spin,360 Spin
10229,493,exact,Shrimpflip 180 to Belly,Shrimpflip 180 to Belly
10230,380,exact,Butter Roll,Butter Roll
10231,469,exact,Frontroll to Feet,Frontroll to Feet
10232,187,exact,Half-Nasty 360 Roll to Feet,Half-Nasty 360 Roll to Feet
10233,166,exact,180 Backflip,180 Backflip
10234,313,exact,Double Back Roll from Feet,Double Back Roll from Feet
10235,53,exact,Double Back Yoda Roll 180,Double Back Yoda Roll 180
10236,256,exact,Underflip to Feet,Underflip to Feet
10237,464,exact,One hand one foot Can of Soup,One hand one foot Can of Soup
10238,388,exact,Front Sofa Roll Rewind to Sick Nasty Double Roll,Front Sofa Roll Rewind to Sick Nasty Double Roll
10239,215,exact,Shrimpflip 360 to Feet,Shrimpflip 360 to Feet
10241,314,exact,360 from Feet to Korean,360 from Feet to Korean
10242,315,exact,OH Back Handspring to Korean,OH Back Handspring to Korean
10243,389,exact,Front Sofa Roll Rewind to Sick Nasty Roll,Front Sofa Roll Rewind to Sick Nasty Roll
10244,316,exact,Sushi Backflop,Sushi Backflop
10246,216,exact,Shrimp Mount,Shrimp Mount
10248,188,exact,Boomerang to Feet,Boomerang to Feet
10249,189,exact,No Hands Back Panic Roll to Feet,No Hands Back Panic Roll to Feet
10250,390,exact,Front Sofa Roll Rewind to Mini-Cube,Front Sofa Roll Rewind to Mini-Cube
10251,501,exact,Reverse Rocket Mount 360,Reverse Rocket Mount 360
10252,97,exact,Sushi Backflip,Sushi Backflip
10253,98,confirmed,NH Backflip,No-Hands Backflip
10255,78,exact,Batman,360 Rocket (over Bat-Hang)
10256,349,confirmed,Shark Bite,Rocket Line Bite
10257,24,exact,Antihero to Sofa Roll to Feet,Double Darth Vader
10258,11,exact,Darkside Almighty,Darkside Almighty
10259,401,exact,540 Rocket to Sofa,540 Rocket to Sofa
10260,439,exact,360 Back Almighty,360 Back Almighty
10261,4,exact,Orbital to Double Drop Knee,Orbital to Double Drop Knee
10262,402,exact,Shrimpflip 180 to Antihero,Shrimpflip 180 to Antihero
10263,301,exact,Backbounce Panic Attack,Backbounce Panic Attack
10264,170,exact,Holy Back No Soup,No-Hand Back Double Can of Soup
10265,219,exact,360 Darth Vader,360 Darth Vader
10266,279,exact,Back Holy Grail,Back Holy Grail
10267,317,exact,Leash Orbital,Leash Orbital
10269,160,exact,Darth Vader from Yisus,Darth Vader from Yisus
10270,369,exact,Antihero from Yisus,Antihero from Yisus
10272,297,exact,Orbital from Chest to Feet,Orbital from Chest to Feet
10273,258,exact,90 Korean Roll to Expo,90 Korean Roll to Expo
10274,491,exact,Sick Nasty to Yisus,Sick Nasty to Yisus
10275,406,exact,Back Sofa Roll from Korean,Back Sofa Roll from Korean
10276,236,exact,Makako 180 to Feet,180 Makako to Feet
10277,440,exact,Fake 180 Barrel Roll,Fake 180 Barrel Roll
10278,330,exact,Reverse Flow,Reverse Flow
10279,327,exact,Petit Trick,Petit Trick
10280,408,exact,Reverse Panic,Reverse Panic
10281,155,exact,Double Drop Knee Roll,Double Drop Knee Roll
10282,383,exact,Side Roll,Side Roll
10283,441,exact,Orbital to Feet,Orbital to Feet
10284,480,exact,Flow to Feet,Flow to Feet
